Name,Gender,Address,Year
abc,Female,401 Sunset Ave Windsor ON N9B 3P4,2018
def,Male,157 University Ave W Windsor ON N9A 5P4,2017
xyz,Male,2300 Huron Church Rd Windsor ON N9E 3S6,2016
res,Female,825 Riverside Dr W Windsor ON N9A 5K9,2015
tyu,Female,1530 Langlois Ave Windsor ON N8X 4M2,2018
aaa,Male,729 Caron Ave Windsor ON N9A 5B8,2017
bbb,Female,1444 Ottawa St Windsor ON N8X 2G1,2018
ccc,Female,3195 Sandwich St Windsor ON N9C 1A7,2017
ddd,Female,80 Chatham St E Windsor ON N9A 2W1,2018
eee,Female,350 City Hall Square E Windsor ON N9A 6S1,2016
fff,Female,400 City Hall Sq E Windsor ON N9A 7K6,2015
ggg,Female,201 Riverside Dr W Windsor ON N9A 5K4,2018
hhh,Female,546 Ouellette Ave Windsor ON N9A 1B3,2018